model,n_frames,mean_abs_energy_error_eV,mean_abs_relative_energy_error_eV,mean_abs_max_force_error_eV_per_A
mace,379,3.4514727166833934,0.013947525637434142,0.16539820474834363
mattersim,379,3.6039732569947125,0.01373570008353246,0.16972834094620035
uma,379,14.361755507378831,0.045304831472022605,0.32688329054788245
